profileID;Gender;Usia_Tampak;Tone_Kulit;Fitur_Wajah;Gaya_Berpakaian;Pendidikan;Ketokohan;Pengalaman_Militer
1;Laki_laki;35_45;Cerah;Ramah_Lembut;Formal_Rapi;S1_Ke_Bawah;Tokoh_Masyarakat_Lokal;Ada_Militer
2;Perempuan;35_45;Cerah;Ramah_Lembut;Formal_Rapi;S1_Ke_Bawah;Tokoh_Masyarakat_Lokal;Ada_Militer
3;Laki_laki;45_55;Cerah;Ramah_Lembut;Formal_Rapi;S1_Ke_Bawah;Tokoh_Masyarakat_Lokal;Ada_Militer
4;Perempuan;45_55;Cerah;Ramah_Lembut;Formal_Rapi;S1_Ke_Bawah;Tokoh_Masyarakat_Lokal;Ada_Militer
5;Laki_laki;35_45;Sawo_Matang;Ramah_Lembut;Formal_Rapi;S1_Ke_Bawah;Tokoh_Masyarakat_Lokal;Ada_Militer
6;Perempuan;35_45;Sawo_Matang;Ramah_Lembut;Formal_Rapi;S1_Ke_Bawah;Tokoh_Masyarakat_Lokal;Ada_Militer
7;Laki_laki;45_55;Sawo_Matang;Ramah_Lembut;Formal_Rapi;S1_Ke_Bawah;Tokoh_Masyarakat_Lokal;Ada_Militer
8;Perempuan;45_55;Sawo_Matang;Ramah_Lembut;Formal_Rapi;S1_Ke_Bawah;Tokoh_Masyarakat_Lokal;Ada_Militer
9;Laki_laki;35_45;Cerah;Tegas_Berwibawa;Formal_Rapi;S1_Ke_Bawah;Tokoh_Masyarakat_Lokal;Ada_Militer
10;Perempuan;35_45;Cerah;Tegas_Berwibawa;Formal_Rapi;S1_Ke_Bawah;Tokoh_Masyarakat_Lokal;Ada_Militer
11;Laki_laki;45_55;Cerah;Tegas_Berwibawa;Formal_Rapi;S1_Ke_Bawah;Tokoh_Masyarakat_Lokal;Ada_Militer
12;Perempuan;45_55;Cerah;Tegas_Berwibawa;Formal_Rapi;S1_Ke_Bawah;Tokoh_Masyarakat_Lokal;Ada_Militer
13;Laki_laki;35_45;Sawo_Matang;Tegas_Berwibawa;Formal_Rapi;S1_Ke_Bawah;Tokoh_Masyarakat_Lokal;Ada_Militer
14;Perempuan;35_45;Sawo_Matang;Tegas_Berwibawa;Formal_Rapi;S1_Ke_Bawah;Tokoh_Masyarakat_Lokal;Ada_Militer
15;Laki_laki;45_55;Sawo_Matang;Tegas_Berwibawa;Formal_Rapi;S1_Ke_Bawah;Tokoh_Masyarakat_Lokal;Ada_Militer
16;Perempuan;45_55;Sawo_Matang;Tegas_Berwibawa;Formal_Rapi;S1_Ke_Bawah;Tokoh_Masyarakat_Lokal;Ada_Militer
17;Laki_laki;35_45;Cerah;Ramah_Lembut;Religius_Tradisional;S1_Ke_Bawah;Tokoh_Masyarakat_Lokal;Ada_Militer
18;Perempuan;35_45;Cerah;Ramah_Lembut;Religius_Tradisional;S1_Ke_Bawah;Tokoh_Masyarakat_Lokal;Ada_Militer
19;Laki_laki;45_55;Cerah;Ramah_Lembut;Religius_Tradisional;S1_Ke_Bawah;Tokoh_Masyarakat_Lokal;Ada_Militer
20;Perempuan;45_55;Cerah;Ramah_Lembut;Religius_Tradisional;S1_Ke_Bawah;Tokoh_Masyarakat_Lokal;Ada_Militer
21;Laki_laki;35_45;Sawo_Matang;Ramah_Lembut;Religius_Tradisional;S1_Ke_Bawah;Tokoh_Masyarakat_Lokal;Ada_Militer
22;Perempuan;35_45;Sawo_Matang;Ramah_Lembut;Religius_Tradisional;S1_Ke_Bawah;Tokoh_Masyarakat_Lokal;Ada_Militer
23;Laki_laki;45_55;Sawo_Matang;Ramah_Lembut;Religius_Tradisional;S1_Ke_Bawah;Tokoh_Masyarakat_Lokal;Ada_Militer
24;Perempuan;45_55;Sawo_Matang;Ramah_Lembut;Religius_Tradisional;S1_Ke_Bawah;Tokoh_Masyarakat_Lokal;Ada_Militer
25;Laki_laki;35_45;Cerah;Tegas_Berwibawa;Religius_Tradisional;S1_Ke_Bawah;Tokoh_Masyarakat_Lokal;Ada_Militer
26;Perempuan;35_45;Cerah;Tegas_Berwibawa;Religius_Tradisional;S1_Ke_Bawah;Tokoh_Masyarakat_Lokal;Ada_Militer
27;Laki_laki;45_55;Cerah;Tegas_Berwibawa;Religius_Tradisional;S1_Ke_Bawah;Tokoh_Masyarakat_Lokal;Ada_Militer
28;Perempuan;45_55;Cerah;Tegas_Berwibawa;Religius_Tradisional;S1_Ke_Bawah;Tokoh_Masyarakat_Lokal;Ada_Militer
29;Laki_laki;35_45;Sawo_Matang;Tegas_Berwibawa;Religius_Tradisional;S1_Ke_Bawah;Tokoh_Masyarakat_Lokal;Ada_Militer
30;Perempuan;35_45;Sawo_Matang;Tegas_Berwibawa;Religius_Tradisional;S1_Ke_Bawah;Tokoh_Masyarakat_Lokal;Ada_Militer
31;Laki_laki;45_55;Sawo_Matang;Tegas_Berwibawa;Religius_Tradisional;S1_Ke_Bawah;Tokoh_Masyarakat_Lokal;Ada_Militer
32;Perempuan;45_55;Sawo_Matang;Tegas_Berwibawa;Religius_Tradisional;S1_Ke_Bawah;Tokoh_Masyarakat_Lokal;Ada_Militer
33;Laki_laki;35_45;Cerah;Ramah_Lembut;Formal_Rapi;S2_S3;Tokoh_Masyarakat_Lokal;Ada_Militer
34;Perempuan;35_45;Cerah;Ramah_Lembut;Formal_Rapi;S2_S3;Tokoh_Masyarakat_Lokal;Ada_Militer
35;Laki_laki;45_55;Cerah;Ramah_Lembut;Formal_Rapi;S2_S3;Tokoh_Masyarakat_Lokal;Ada_Militer
36;Perempuan;45_55;Cerah;Ramah_Lembut;Formal_Rapi;S2_S3;Tokoh_Masyarakat_Lokal;Ada_Militer
37;Laki_laki;35_45;Sawo_Matang;Ramah_Lembut;Formal_Rapi;S2_S3;Tokoh_Masyarakat_Lokal;Ada_Militer
38;Perempuan;35_45;Sawo_Matang;Ramah_Lembut;Formal_Rapi;S2_S3;Tokoh_Masyarakat_Lokal;Ada_Militer
39;Laki_laki;45_55;Sawo_Matang;Ramah_Lembut;Formal_Rapi;S2_S3;Tokoh_Masyarakat_Lokal;Ada_Militer
40;Perempuan;45_55;Sawo_Matang;Ramah_Lembut;Formal_Rapi;S2_S3;Tokoh_Masyarakat_Lokal;Ada_Militer
41;Laki_laki;35_45;Cerah;Tegas_Berwibawa;Formal_Rapi;S2_S3;Tokoh_Masyarakat_Lokal;Ada_Militer
42;Perempuan;35_45;Cerah;Tegas_Berwibawa;Formal_Rapi;S2_S3;Tokoh_Masyarakat_Lokal;Ada_Militer
43;Laki_laki;45_55;Cerah;Tegas_Berwibawa;Formal_Rapi;S2_S3;Tokoh_Masyarakat_Lokal;Ada_Militer
44;Perempuan;45_55;Cerah;Tegas_Berwibawa;Formal_Rapi;S2_S3;Tokoh_Masyarakat_Lokal;Ada_Militer
45;Laki_laki;35_45;Sawo_Matang;Tegas_Berwibawa;Formal_Rapi;S2_S3;Tokoh_Masyarakat_Lokal;Ada_Militer
46;Perempuan;35_45;Sawo_Matang;Tegas_Berwibawa;Formal_Rapi;S2_S3;Tokoh_Masyarakat_Lokal;Ada_Militer
47;Laki_laki;45_55;Sawo_Matang;Tegas_Berwibawa;Formal_Rapi;S2_S3;Tokoh_Masyarakat_Lokal;Ada_Militer
48;Perempuan;45_55;Sawo_Matang;Tegas_Berwibawa;Formal_Rapi;S2_S3;Tokoh_Masyarakat_Lokal;Ada_Militer
49;Laki_laki;35_45;Cerah;Ramah_Lembut;Religius_Tradisional;S2_S3;Tokoh_Masyarakat_Lokal;Ada_Militer
50;Perempuan;35_45;Cerah;Ramah_Lembut;Religius_Tradisional;S2_S3;Tokoh_Masyarakat_Lokal;Ada_Militer
51;Laki_laki;45_55;Cerah;Ramah_Lembut;Religius_Tradisional;S2_S3;Tokoh_Masyarakat_Lokal;Ada_Militer
52;Perempuan;45_55;Cerah;Ramah_Lembut;Religius_Tradisional;S2_S3;Tokoh_Masyarakat_Lokal;Ada_Militer
53;Laki_laki;35_45;Sawo_Matang;Ramah_Lembut;Religius_Tradisional;S2_S3;Tokoh_Masyarakat_Lokal;Ada_Militer
54;Perempuan;35_45;Sawo_Matang;Ramah_Lembut;Religius_Tradisional;S2_S3;Tokoh_Masyarakat_Lokal;Ada_Militer
55;Laki_laki;45_55;Sawo_Matang;Ramah_Lembut;Religius_Tradisional;S2_S3;Tokoh_Masyarakat_Lokal;Ada_Militer
56;Perempuan;45_55;Sawo_Matang;Ramah_Lembut;Religius_Tradisional;S2_S3;Tokoh_Masyarakat_Lokal;Ada_Militer
57;Laki_laki;35_45;Cerah;Tegas_Berwibawa;Religius_Tradisional;S2_S3;Tokoh_Masyarakat_Lokal;Ada_Militer
58;Perempuan;35_45;Cerah;Tegas_Berwibawa;Religius_Tradisional;S2_S3;Tokoh_Masyarakat_Lokal;Ada_Militer
59;Laki_laki;45_55;Cerah;Tegas_Berwibawa;Religius_Tradisional;S2_S3;Tokoh_Masyarakat_Lokal;Ada_Militer
60;Perempuan;45_55;Cerah;Tegas_Berwibawa;Religius_Tradisional;S2_S3;Tokoh_Masyarakat_Lokal;Ada_Militer
61;Laki_laki;35_45;Sawo_Matang;Tegas_Berwibawa;Religius_Tradisional;S2_S3;Tokoh_Masyarakat_Lokal;Ada_Militer
62;Perempuan;35_45;Sawo_Matang;Tegas_Berwibawa;Religius_Tradisional;S2_S3;Tokoh_Masyarakat_Lokal;Ada_Militer
63;Laki_laki;45_55;Sawo_Matang;Tegas_Berwibawa;Religius_Tradisional;S2_S3;Tokoh_Masyarakat_Lokal;Ada_Militer
64;Perempuan;45_55;Sawo_Matang;Tegas_Berwibawa;Religius_Tradisional;S2_S3;Tokoh_Masyarakat_Lokal;Ada_Militer
65;Laki_laki;35_45;Cerah;Ramah_Lembut;Formal_Rapi;S1_Ke_Bawah;Belum_Tokoh_Publik;Ada_Militer
66;Perempuan;35_45;Cerah;Ramah_Lembut;Formal_Rapi;S1_Ke_Bawah;Belum_Tokoh_Publik;Ada_Militer
67;Laki_laki;45_55;Cerah;Ramah_Lembut;Formal_Rapi;S1_Ke_Bawah;Belum_Tokoh_Publik;Ada_Militer
68;Perempuan;45_55;Cerah;Ramah_Lembut;Formal_Rapi;S1_Ke_Bawah;Belum_Tokoh_Publik;Ada_Militer
69;Laki_laki;35_45;Sawo_Matang;Ramah_Lembut;Formal_Rapi;S1_Ke_Bawah;Belum_Tokoh_Publik;Ada_Militer
70;Perempuan;35_45;Sawo_Matang;Ramah_Lembut;Formal_Rapi;S1_Ke_Bawah;Belum_Tokoh_Publik;Ada_Militer
71;Laki_laki;45_55;Sawo_Matang;Ramah_Lembut;Formal_Rapi;S1_Ke_Bawah;Belum_Tokoh_Publik;Ada_Militer
72;Perempuan;45_55;Sawo_Matang;Ramah_Lembut;Formal_Rapi;S1_Ke_Bawah;Belum_Tokoh_Publik;Ada_Militer
73;Laki_laki;35_45;Cerah;Tegas_Berwibawa;Formal_Rapi;S1_Ke_Bawah;Belum_Tokoh_Publik;Ada_Militer
74;Perempuan;35_45;Cerah;Tegas_Berwibawa;Formal_Rapi;S1_Ke_Bawah;Belum_Tokoh_Publik;Ada_Militer
75;Laki_laki;45_55;Cerah;Tegas_Berwibawa;Formal_Rapi;S1_Ke_Bawah;Belum_Tokoh_Publik;Ada_Militer
76;Perempuan;45_55;Cerah;Tegas_Berwibawa;Formal_Rapi;S1_Ke_Bawah;Belum_Tokoh_Publik;Ada_Militer
77;Laki_laki;35_45;Sawo_Matang;Tegas_Berwibawa;Formal_Rapi;S1_Ke_Bawah;Belum_Tokoh_Publik;Ada_Militer
78;Perempuan;35_45;Sawo_Matang;Tegas_Berwibawa;Formal_Rapi;S1_Ke_Bawah;Belum_Tokoh_Publik;Ada_Militer
79;Laki_laki;45_55;Sawo_Matang;Tegas_Berwibawa;Formal_Rapi;S1_Ke_Bawah;Belum_Tokoh_Publik;Ada_Militer
80;Perempuan;45_55;Sawo_Matang;Tegas_Berwibawa;Formal_Rapi;S1_Ke_Bawah;Belum_Tokoh_Publik;Ada_Militer
81;Laki_laki;35_45;Cerah;Ramah_Lembut;Religius_Tradisional;S1_Ke_Bawah;Belum_Tokoh_Publik;Ada_Militer
82;Perempuan;35_45;Cerah;Ramah_Lembut;Religius_Tradisional;S1_Ke_Bawah;Belum_Tokoh_Publik;Ada_Militer
83;Laki_laki;45_55;Cerah;Ramah_Lembut;Religius_Tradisional;S1_Ke_Bawah;Belum_Tokoh_Publik;Ada_Militer
84;Perempuan;45_55;Cerah;Ramah_Lembut;Religius_Tradisional;S1_Ke_Bawah;Belum_Tokoh_Publik;Ada_Militer
85;Laki_laki;35_45;Sawo_Matang;Ramah_Lembut;Religius_Tradisional;S1_Ke_Bawah;Belum_Tokoh_Publik;Ada_Militer
86;Perempuan;35_45;Sawo_Matang;Ramah_Lembut;Religius_Tradisional;S1_Ke_Bawah;Belum_Tokoh_Publik;Ada_Militer
87;Laki_laki;45_55;Sawo_Matang;Ramah_Lembut;Religius_Tradisional;S1_Ke_Bawah;Belum_Tokoh_Publik;Ada_Militer
88;Perempuan;45_55;Sawo_Matang;Ramah_Lembut;Religius_Tradisional;S1_Ke_Bawah;Belum_Tokoh_Publik;Ada_Militer
89;Laki_laki;35_45;Cerah;Tegas_Berwibawa;Religius_Tradisional;S1_Ke_Bawah;Belum_Tokoh_Publik;Ada_Militer
90;Perempuan;35_45;Cerah;Tegas_Berwibawa;Religius_Tradisional;S1_Ke_Bawah;Belum_Tokoh_Publik;Ada_Militer
91;Laki_laki;45_55;Cerah;Tegas_Berwibawa;Religius_Tradisional;S1_Ke_Bawah;Belum_Tokoh_Publik;Ada_Militer
92;Perempuan;45_55;Cerah;Tegas_Berwibawa;Religius_Tradisional;S1_Ke_Bawah;Belum_Tokoh_Publik;Ada_Militer
93;Laki_laki;35_45;Sawo_Matang;Tegas_Berwibawa;Religius_Tradisional;S1_Ke_Bawah;Belum_Tokoh_Publik;Ada_Militer
94;Perempuan;35_45;Sawo_Matang;Tegas_Berwibawa;Religius_Tradisional;S1_Ke_Bawah;Belum_Tokoh_Publik;Ada_Militer
95;Laki_laki;45_55;Sawo_Matang;Tegas_Berwibawa;Religius_Tradisional;S1_Ke_Bawah;Belum_Tokoh_Publik;Ada_Militer
96;Perempuan;45_55;Sawo_Matang;Tegas_Berwibawa;Religius_Tradisional;S1_Ke_Bawah;Belum_Tokoh_Publik;Ada_Militer
97;Laki_laki;35_45;Cerah;Ramah_Lembut;Formal_Rapi;S2_S3;Belum_Tokoh_Publik;Ada_Militer
98;Perempuan;35_45;Cerah;Ramah_Lembut;Formal_Rapi;S2_S3;Belum_Tokoh_Publik;Ada_Militer
99;Laki_laki;45_55;Cerah;Ramah_Lembut;Formal_Rapi;S2_S3;Belum_Tokoh_Publik;Ada_Militer
100;Perempuan;45_55;Cerah;Ramah_Lembut;Formal_Rapi;S2_S3;Belum_Tokoh_Publik;Ada_Militer
101;Laki_laki;35_45;Sawo_Matang;Ramah_Lembut;Formal_Rapi;S2_S3;Belum_Tokoh_Publik;Ada_Militer
102;Perempuan;35_45;Sawo_Matang;Ramah_Lembut;Formal_Rapi;S2_S3;Belum_Tokoh_Publik;Ada_Militer
103;Laki_laki;45_55;Sawo_Matang;Ramah_Lembut;Formal_Rapi;S2_S3;Belum_Tokoh_Publik;Ada_Militer
104;Perempuan;45_55;Sawo_Matang;Ramah_Lembut;Formal_Rapi;S2_S3;Belum_Tokoh_Publik;Ada_Militer
105;Laki_laki;35_45;Cerah;Tegas_Berwibawa;Formal_Rapi;S2_S3;Belum_Tokoh_Publik;Ada_Militer
106;Perempuan;35_45;Cerah;Tegas_Berwibawa;Formal_Rapi;S2_S3;Belum_Tokoh_Publik;Ada_Militer
107;Laki_laki;45_55;Cerah;Tegas_Berwibawa;Formal_Rapi;S2_S3;Belum_Tokoh_Publik;Ada_Militer
108;Perempuan;45_55;Cerah;Tegas_Berwibawa;Formal_Rapi;S2_S3;Belum_Tokoh_Publik;Ada_Militer
109;Laki_laki;35_45;Sawo_Matang;Tegas_Berwibawa;Formal_Rapi;S2_S3;Belum_Tokoh_Publik;Ada_Militer
110;Perempuan;35_45;Sawo_Matang;Tegas_Berwibawa;Formal_Rapi;S2_S3;Belum_Tokoh_Publik;Ada_Militer
111;Laki_laki;45_55;Sawo_Matang;Tegas_Berwibawa;Formal_Rapi;S2_S3;Belum_Tokoh_Publik;Ada_Militer
112;Perempuan;45_55;Sawo_Matang;Tegas_Berwibawa;Formal_Rapi;S2_S3;Belum_Tokoh_Publik;Ada_Militer
113;Laki_laki;35_45;Cerah;Ramah_Lembut;Religius_Tradisional;S2_S3;Belum_Tokoh_Publik;Ada_Militer
114;Perempuan;35_45;Cerah;Ramah_Lembut;Religius_Tradisional;S2_S3;Belum_Tokoh_Publik;Ada_Militer
115;Laki_laki;45_55;Cerah;Ramah_Lembut;Religius_Tradisional;S2_S3;Belum_Tokoh_Publik;Ada_Militer
116;Perempuan;45_55;Cerah;Ramah_Lembut;Religius_Tradisional;S2_S3;Belum_Tokoh_Publik;Ada_Militer
117;Laki_laki;35_45;Sawo_Matang;Ramah_Lembut;Religius_Tradisional;S2_S3;Belum_Tokoh_Publik;Ada_Militer
118;Perempuan;35_45;Sawo_Matang;Ramah_Lembut;Religius_Tradisional;S2_S3;Belum_Tokoh_Publik;Ada_Militer
119;Laki_laki;45_55;Sawo_Matang;Ramah_Lembut;Religius_Tradisional;S2_S3;Belum_Tokoh_Publik;Ada_Militer
120;Perempuan;45_55;Sawo_Matang;Ramah_Lembut;Religius_Tradisional;S2_S3;Belum_Tokoh_Publik;Ada_Militer
121;Laki_laki;35_45;Cerah;Tegas_Berwibawa;Religius_Tradisional;S2_S3;Belum_Tokoh_Publik;Ada_Militer
122;Perempuan;35_45;Cerah;Tegas_Berwibawa;Religius_Tradisional;S2_S3;Belum_Tokoh_Publik;Ada_Militer
123;Laki_laki;45_55;Cerah;Tegas_Berwibawa;Religius_Tradisional;S2_S3;Belum_Tokoh_Publik;Ada_Militer
124;Perempuan;45_55;Cerah;Tegas_Berwibawa;Religius_Tradisional;S2_S3;Belum_Tokoh_Publik;Ada_Militer
125;Laki_laki;35_45;Sawo_Matang;Tegas_Berwibawa;Religius_Tradisional;S2_S3;Belum_Tokoh_Publik;Ada_Militer
126;Perempuan;35_45;Sawo_Matang;Tegas_Berwibawa;Religius_Tradisional;S2_S3;Belum_Tokoh_Publik;Ada_Militer
127;Laki_laki;45_55;Sawo_Matang;Tegas_Berwibawa;Religius_Tradisional;S2_S3;Belum_Tokoh_Publik;Ada_Militer
128;Perempuan;45_55;Sawo_Matang;Tegas_Berwibawa;Religius_Tradisional;S2_S3;Belum_Tokoh_Publik;Ada_Militer
129;Laki_laki;35_45;Cerah;Ramah_Lembut;Formal_Rapi;S1_Ke_Bawah;Tokoh_Masyarakat_Lokal;Tidak_Ada_Militer
130;Perempuan;35_45;Cerah;Ramah_Lembut;Formal_Rapi;S1_Ke_Bawah;Tokoh_Masyarakat_Lokal;Tidak_Ada_Militer
131;Laki_laki;45_55;Cerah;Ramah_Lembut;Formal_Rapi;S1_Ke_Bawah;Tokoh_Masyarakat_Lokal;Tidak_Ada_Militer
132;Perempuan;45_55;Cerah;Ramah_Lembut;Formal_Rapi;S1_Ke_Bawah;Tokoh_Masyarakat_Lokal;Tidak_Ada_Militer
133;Laki_laki;35_45;Sawo_Matang;Ramah_Lembut;Formal_Rapi;S1_Ke_Bawah;Tokoh_Masyarakat_Lokal;Tidak_Ada_Militer
134;Perempuan;35_45;Sawo_Matang;Ramah_Lembut;Formal_Rapi;S1_Ke_Bawah;Tokoh_Masyarakat_Lokal;Tidak_Ada_Militer
135;Laki_laki;45_55;Sawo_Matang;Ramah_Lembut;Formal_Rapi;S1_Ke_Bawah;Tokoh_Masyarakat_Lokal;Tidak_Ada_Militer
136;Perempuan;45_55;Sawo_Matang;Ramah_Lembut;Formal_Rapi;S1_Ke_Bawah;Tokoh_Masyarakat_Lokal;Tidak_Ada_Militer
137;Laki_laki;35_45;Cerah;Tegas_Berwibawa;Formal_Rapi;S1_Ke_Bawah;Tokoh_Masyarakat_Lokal;Tidak_Ada_Militer
138;Perempuan;35_45;Cerah;Tegas_Berwibawa;Formal_Rapi;S1_Ke_Bawah;Tokoh_Masyarakat_Lokal;Tidak_Ada_Militer
139;Laki_laki;45_55;Cerah;Tegas_Berwibawa;Formal_Rapi;S1_Ke_Bawah;Tokoh_Masyarakat_Lokal;Tidak_Ada_Militer
140;Perempuan;45_55;Cerah;Tegas_Berwibawa;Formal_Rapi;S1_Ke_Bawah;Tokoh_Masyarakat_Lokal;Tidak_Ada_Militer
141;Laki_laki;35_45;Sawo_Matang;Tegas_Berwibawa;Formal_Rapi;S1_Ke_Bawah;Tokoh_Masyarakat_Lokal;Tidak_Ada_Militer
142;Perempuan;35_45;Sawo_Matang;Tegas_Berwibawa;Formal_Rapi;S1_Ke_Bawah;Tokoh_Masyarakat_Lokal;Tidak_Ada_Militer
143;Laki_laki;45_55;Sawo_Matang;Tegas_Berwibawa;Formal_Rapi;S1_Ke_Bawah;Tokoh_Masyarakat_Lokal;Tidak_Ada_Militer
144;Perempuan;45_55;Sawo_Matang;Tegas_Berwibawa;Formal_Rapi;S1_Ke_Bawah;Tokoh_Masyarakat_Lokal;Tidak_Ada_Militer
145;Laki_laki;35_45;Cerah;Ramah_Lembut;Religius_Tradisional;S1_Ke_Bawah;Tokoh_Masyarakat_Lokal;Tidak_Ada_Militer
146;Perempuan;35_45;Cerah;Ramah_Lembut;Religius_Tradisional;S1_Ke_Bawah;Tokoh_Masyarakat_Lokal;Tidak_Ada_Militer
147;Laki_laki;45_55;Cerah;Ramah_Lembut;Religius_Tradisional;S1_Ke_Bawah;Tokoh_Masyarakat_Lokal;Tidak_Ada_Militer
148;Perempuan;45_55;Cerah;Ramah_Lembut;Religius_Tradisional;S1_Ke_Bawah;Tokoh_Masyarakat_Lokal;Tidak_Ada_Militer
149;Laki_laki;35_45;Sawo_Matang;Ramah_Lembut;Religius_Tradisional;S1_Ke_Bawah;Tokoh_Masyarakat_Lokal;Tidak_Ada_Militer
150;Perempuan;35_45;Sawo_Matang;Ramah_Lembut;Religius_Tradisional;S1_Ke_Bawah;Tokoh_Masyarakat_Lokal;Tidak_Ada_Militer
151;Laki_laki;45_55;Sawo_Matang;Ramah_Lembut;Religius_Tradisional;S1_Ke_Bawah;Tokoh_Masyarakat_Lokal;Tidak_Ada_Militer
152;Perempuan;45_55;Sawo_Matang;Ramah_Lembut;Religius_Tradisional;S1_Ke_Bawah;Tokoh_Masyarakat_Lokal;Tidak_Ada_Militer
153;Laki_laki;35_45;Cerah;Tegas_Berwibawa;Religius_Tradisional;S1_Ke_Bawah;Tokoh_Masyarakat_Lokal;Tidak_Ada_Militer
154;Perempuan;35_45;Cerah;Tegas_Berwibawa;Religius_Tradisional;S1_Ke_Bawah;Tokoh_Masyarakat_Lokal;Tidak_Ada_Militer
155;Laki_laki;45_55;Cerah;Tegas_Berwibawa;Religius_Tradisional;S1_Ke_Bawah;Tokoh_Masyarakat_Lokal;Tidak_Ada_Militer
156;Perempuan;45_55;Cerah;Tegas_Berwibawa;Religius_Tradisional;S1_Ke_Bawah;Tokoh_Masyarakat_Lokal;Tidak_Ada_Militer
157;Laki_laki;35_45;Sawo_Matang;Tegas_Berwibawa;Religius_Tradisional;S1_Ke_Bawah;Tokoh_Masyarakat_Lokal;Tidak_Ada_Militer
158;Perempuan;35_45;Sawo_Matang;Tegas_Berwibawa;Religius_Tradisional;S1_Ke_Bawah;Tokoh_Masyarakat_Lokal;Tidak_Ada_Militer
159;Laki_laki;45_55;Sawo_Matang;Tegas_Berwibawa;Religius_Tradisional;S1_Ke_Bawah;Tokoh_Masyarakat_Lokal;Tidak_Ada_Militer
160;Perempuan;45_55;Sawo_Matang;Tegas_Berwibawa;Religius_Tradisional;S1_Ke_Bawah;Tokoh_Masyarakat_Lokal;Tidak_Ada_Militer
161;Laki_laki;35_45;Cerah;Ramah_Lembut;Formal_Rapi;S2_S3;Tokoh_Masyarakat_Lokal;Tidak_Ada_Militer
162;Perempuan;35_45;Cerah;Ramah_Lembut;Formal_Rapi;S2_S3;Tokoh_Masyarakat_Lokal;Tidak_Ada_Militer
163;Laki_laki;45_55;Cerah;Ramah_Lembut;Formal_Rapi;S2_S3;Tokoh_Masyarakat_Lokal;Tidak_Ada_Militer
164;Perempuan;45_55;Cerah;Ramah_Lembut;Formal_Rapi;S2_S3;Tokoh_Masyarakat_Lokal;Tidak_Ada_Militer
165;Laki_laki;35_45;Sawo_Matang;Ramah_Lembut;Formal_Rapi;S2_S3;Tokoh_Masyarakat_Lokal;Tidak_Ada_Militer
166;Perempuan;35_45;Sawo_Matang;Ramah_Lembut;Formal_Rapi;S2_S3;Tokoh_Masyarakat_Lokal;Tidak_Ada_Militer
167;Laki_laki;45_55;Sawo_Matang;Ramah_Lembut;Formal_Rapi;S2_S3;Tokoh_Masyarakat_Lokal;Tidak_Ada_Militer
168;Perempuan;45_55;Sawo_Matang;Ramah_Lembut;Formal_Rapi;S2_S3;Tokoh_Masyarakat_Lokal;Tidak_Ada_Militer
169;Laki_laki;35_45;Cerah;Tegas_Berwibawa;Formal_Rapi;S2_S3;Tokoh_Masyarakat_Lokal;Tidak_Ada_Militer
170;Perempuan;35_45;Cerah;Tegas_Berwibawa;Formal_Rapi;S2_S3;Tokoh_Masyarakat_Lokal;Tidak_Ada_Militer
171;Laki_laki;45_55;Cerah;Tegas_Berwibawa;Formal_Rapi;S2_S3;Tokoh_Masyarakat_Lokal;Tidak_Ada_Militer
172;Perempuan;45_55;Cerah;Tegas_Berwibawa;Formal_Rapi;S2_S3;Tokoh_Masyarakat_Lokal;Tidak_Ada_Militer
173;Laki_laki;35_45;Sawo_Matang;Tegas_Berwibawa;Formal_Rapi;S2_S3;Tokoh_Masyarakat_Lokal;Tidak_Ada_Militer
174;Perempuan;35_45;Sawo_Matang;Tegas_Berwibawa;Formal_Rapi;S2_S3;Tokoh_Masyarakat_Lokal;Tidak_Ada_Militer
175;Laki_laki;45_55;Sawo_Matang;Tegas_Berwibawa;Formal_Rapi;S2_S3;Tokoh_Masyarakat_Lokal;Tidak_Ada_Militer
176;Perempuan;45_55;Sawo_Matang;Tegas_Berwibawa;Formal_Rapi;S2_S3;Tokoh_Masyarakat_Lokal;Tidak_Ada_Militer
177;Laki_laki;35_45;Cerah;Ramah_Lembut;Religius_Tradisional;S2_S3;Tokoh_Masyarakat_Lokal;Tidak_Ada_Militer
178;Perempuan;35_45;Cerah;Ramah_Lembut;Religius_Tradisional;S2_S3;Tokoh_Masyarakat_Lokal;Tidak_Ada_Militer
179;Laki_laki;45_55;Cerah;Ramah_Lembut;Religius_Tradisional;S2_S3;Tokoh_Masyarakat_Lokal;Tidak_Ada_Militer
180;Perempuan;45_55;Cerah;Ramah_Lembut;Religius_Tradisional;S2_S3;Tokoh_Masyarakat_Lokal;Tidak_Ada_Militer
181;Laki_laki;35_45;Sawo_Matang;Ramah_Lembut;Religius_Tradisional;S2_S3;Tokoh_Masyarakat_Lokal;Tidak_Ada_Militer
182;Perempuan;35_45;Sawo_Matang;Ramah_Lembut;Religius_Tradisional;S2_S3;Tokoh_Masyarakat_Lokal;Tidak_Ada_Militer
183;Laki_laki;45_55;Sawo_Matang;Ramah_Lembut;Religius_Tradisional;S2_S3;Tokoh_Masyarakat_Lokal;Tidak_Ada_Militer
184;Perempuan;45_55;Sawo_Matang;Ramah_Lembut;Religius_Tradisional;S2_S3;Tokoh_Masyarakat_Lokal;Tidak_Ada_Militer
185;Laki_laki;35_45;Cerah;Tegas_Berwibawa;Religius_Tradisional;S2_S3;Tokoh_Masyarakat_Lokal;Tidak_Ada_Militer
186;Perempuan;35_45;Cerah;Tegas_Berwibawa;Religius_Tradisional;S2_S3;Tokoh_Masyarakat_Lokal;Tidak_Ada_Militer
187;Laki_laki;45_55;Cerah;Tegas_Berwibawa;Religius_Tradisional;S2_S3;Tokoh_Masyarakat_Lokal;Tidak_Ada_Militer
188;Perempuan;45_55;Cerah;Tegas_Berwibawa;Religius_Tradisional;S2_S3;Tokoh_Masyarakat_Lokal;Tidak_Ada_Militer
189;Laki_laki;35_45;Sawo_Matang;Tegas_Berwibawa;Religius_Tradisional;S2_S3;Tokoh_Masyarakat_Lokal;Tidak_Ada_Militer
190;Perempuan;35_45;Sawo_Matang;Tegas_Berwibawa;Religius_Tradisional;S2_S3;Tokoh_Masyarakat_Lokal;Tidak_Ada_Militer
191;Laki_laki;45_55;Sawo_Matang;Tegas_Berwibawa;Religius_Tradisional;S2_S3;Tokoh_Masyarakat_Lokal;Tidak_Ada_Militer
192;Perempuan;45_55;Sawo_Matang;Tegas_Berwibawa;Religius_Tradisional;S2_S3;Tokoh_Masyarakat_Lokal;Tidak_Ada_Militer
193;Laki_laki;35_45;Cerah;Ramah_Lembut;Formal_Rapi;S1_Ke_Bawah;Belum_Tokoh_Publik;Tidak_Ada_Militer
194;Perempuan;35_45;Cerah;Ramah_Lembut;Formal_Rapi;S1_Ke_Bawah;Belum_Tokoh_Publik;Tidak_Ada_Militer
195;Laki_laki;45_55;Cerah;Ramah_Lembut;Formal_Rapi;S1_Ke_Bawah;Belum_Tokoh_Publik;Tidak_Ada_Militer
196;Perempuan;45_55;Cerah;Ramah_Lembut;Formal_Rapi;S1_Ke_Bawah;Belum_Tokoh_Publik;Tidak_Ada_Militer
197;Laki_laki;35_45;Sawo_Matang;Ramah_Lembut;Formal_Rapi;S1_Ke_Bawah;Belum_Tokoh_Publik;Tidak_Ada_Militer
198;Perempuan;35_45;Sawo_Matang;Ramah_Lembut;Formal_Rapi;S1_Ke_Bawah;Belum_Tokoh_Publik;Tidak_Ada_Militer
199;Laki_laki;45_55;Sawo_Matang;Ramah_Lembut;Formal_Rapi;S1_Ke_Bawah;Belum_Tokoh_Publik;Tidak_Ada_Militer
200;Perempuan;45_55;Sawo_Matang;Ramah_Lembut;Formal_Rapi;S1_Ke_Bawah;Belum_Tokoh_Publik;Tidak_Ada_Militer
201;Laki_laki;35_45;Cerah;Tegas_Berwibawa;Formal_Rapi;S1_Ke_Bawah;Belum_Tokoh_Publik;Tidak_Ada_Militer
202;Perempuan;35_45;Cerah;Tegas_Berwibawa;Formal_Rapi;S1_Ke_Bawah;Belum_Tokoh_Publik;Tidak_Ada_Militer
203;Laki_laki;45_55;Cerah;Tegas_Berwibawa;Formal_Rapi;S1_Ke_Bawah;Belum_Tokoh_Publik;Tidak_Ada_Militer
204;Perempuan;45_55;Cerah;Tegas_Berwibawa;Formal_Rapi;S1_Ke_Bawah;Belum_Tokoh_Publik;Tidak_Ada_Militer
205;Laki_laki;35_45;Sawo_Matang;Tegas_Berwibawa;Formal_Rapi;S1_Ke_Bawah;Belum_Tokoh_Publik;Tidak_Ada_Militer
206;Perempuan;35_45;Sawo_Matang;Tegas_Berwibawa;Formal_Rapi;S1_Ke_Bawah;Belum_Tokoh_Publik;Tidak_Ada_Militer
207;Laki_laki;45_55;Sawo_Matang;Tegas_Berwibawa;Formal_Rapi;S1_Ke_Bawah;Belum_Tokoh_Publik;Tidak_Ada_Militer
208;Perempuan;45_55;Sawo_Matang;Tegas_Berwibawa;Formal_Rapi;S1_Ke_Bawah;Belum_Tokoh_Publik;Tidak_Ada_Militer
209;Laki_laki;35_45;Cerah;Ramah_Lembut;Religius_Tradisional;S1_Ke_Bawah;Belum_Tokoh_Publik;Tidak_Ada_Militer
210;Perempuan;35_45;Cerah;Ramah_Lembut;Religius_Tradisional;S1_Ke_Bawah;Belum_Tokoh_Publik;Tidak_Ada_Militer
211;Laki_laki;45_55;Cerah;Ramah_Lembut;Religius_Tradisional;S1_Ke_Bawah;Belum_Tokoh_Publik;Tidak_Ada_Militer
212;Perempuan;45_55;Cerah;Ramah_Lembut;Religius_Tradisional;S1_Ke_Bawah;Belum_Tokoh_Publik;Tidak_Ada_Militer
213;Laki_laki;35_45;Sawo_Matang;Ramah_Lembut;Religius_Tradisional;S1_Ke_Bawah;Belum_Tokoh_Publik;Tidak_Ada_Militer
214;Perempuan;35_45;Sawo_Matang;Ramah_Lembut;Religius_Tradisional;S1_Ke_Bawah;Belum_Tokoh_Publik;Tidak_Ada_Militer
215;Laki_laki;45_55;Sawo_Matang;Ramah_Lembut;Religius_Tradisional;S1_Ke_Bawah;Belum_Tokoh_Publik;Tidak_Ada_Militer
216;Perempuan;45_55;Sawo_Matang;Ramah_Lembut;Religius_Tradisional;S1_Ke_Bawah;Belum_Tokoh_Publik;Tidak_Ada_Militer
217;Laki_laki;35_45;Cerah;Tegas_Berwibawa;Religius_Tradisional;S1_Ke_Bawah;Belum_Tokoh_Publik;Tidak_Ada_Militer
218;Perempuan;35_45;Cerah;Tegas_Berwibawa;Religius_Tradisional;S1_Ke_Bawah;Belum_Tokoh_Publik;Tidak_Ada_Militer
219;Laki_laki;45_55;Cerah;Tegas_Berwibawa;Religius_Tradisional;S1_Ke_Bawah;Belum_Tokoh_Publik;Tidak_Ada_Militer
220;Perempuan;45_55;Cerah;Tegas_Berwibawa;Religius_Tradisional;S1_Ke_Bawah;Belum_Tokoh_Publik;Tidak_Ada_Militer
221;Laki_laki;35_45;Sawo_Matang;Tegas_Berwibawa;Religius_Tradisional;S1_Ke_Bawah;Belum_Tokoh_Publik;Tidak_Ada_Militer
222;Perempuan;35_45;Sawo_Matang;Tegas_Berwibawa;Religius_Tradisional;S1_Ke_Bawah;Belum_Tokoh_Publik;Tidak_Ada_Militer
223;Laki_laki;45_55;Sawo_Matang;Tegas_Berwibawa;Religius_Tradisional;S1_Ke_Bawah;Belum_Tokoh_Publik;Tidak_Ada_Militer
224;Perempuan;45_55;Sawo_Matang;Tegas_Berwibawa;Religius_Tradisional;S1_Ke_Bawah;Belum_Tokoh_Publik;Tidak_Ada_Militer
225;Laki_laki;35_45;Cerah;Ramah_Lembut;Formal_Rapi;S2_S3;Belum_Tokoh_Publik;Tidak_Ada_Militer
226;Perempuan;35_45;Cerah;Ramah_Lembut;Formal_Rapi;S2_S3;Belum_Tokoh_Publik;Tidak_Ada_Militer
227;Laki_laki;45_55;Cerah;Ramah_Lembut;Formal_Rapi;S2_S3;Belum_Tokoh_Publik;Tidak_Ada_Militer
228;Perempuan;45_55;Cerah;Ramah_Lembut;Formal_Rapi;S2_S3;Belum_Tokoh_Publik;Tidak_Ada_Militer
229;Laki_laki;35_45;Sawo_Matang;Ramah_Lembut;Formal_Rapi;S2_S3;Belum_Tokoh_Publik;Tidak_Ada_Militer
230;Perempuan;35_45;Sawo_Matang;Ramah_Lembut;Formal_Rapi;S2_S3;Belum_Tokoh_Publik;Tidak_Ada_Militer
231;Laki_laki;45_55;Sawo_Matang;Ramah_Lembut;Formal_Rapi;S2_S3;Belum_Tokoh_Publik;Tidak_Ada_Militer
232;Perempuan;45_55;Sawo_Matang;Ramah_Lembut;Formal_Rapi;S2_S3;Belum_Tokoh_Publik;Tidak_Ada_Militer
233;Laki_laki;35_45;Cerah;Tegas_Berwibawa;Formal_Rapi;S2_S3;Belum_Tokoh_Publik;Tidak_Ada_Militer
234;Perempuan;35_45;Cerah;Tegas_Berwibawa;Formal_Rapi;S2_S3;Belum_Tokoh_Publik;Tidak_Ada_Militer
235;Laki_laki;45_55;Cerah;Tegas_Berwibawa;Formal_Rapi;S2_S3;Belum_Tokoh_Publik;Tidak_Ada_Militer
236;Perempuan;45_55;Cerah;Tegas_Berwibawa;Formal_Rapi;S2_S3;Belum_Tokoh_Publik;Tidak_Ada_Militer
237;Laki_laki;35_45;Sawo_Matang;Tegas_Berwibawa;Formal_Rapi;S2_S3;Belum_Tokoh_Publik;Tidak_Ada_Militer
238;Perempuan;35_45;Sawo_Matang;Tegas_Berwibawa;Formal_Rapi;S2_S3;Belum_Tokoh_Publik;Tidak_Ada_Militer
239;Laki_laki;45_55;Sawo_Matang;Tegas_Berwibawa;Formal_Rapi;S2_S3;Belum_Tokoh_Publik;Tidak_Ada_Militer
240;Perempuan;45_55;Sawo_Matang;Tegas_Berwibawa;Formal_Rapi;S2_S3;Belum_Tokoh_Publik;Tidak_Ada_Militer
241;Laki_laki;35_45;Cerah;Ramah_Lembut;Religius_Tradisional;S2_S3;Belum_Tokoh_Publik;Tidak_Ada_Militer
242;Perempuan;35_45;Cerah;Ramah_Lembut;Religius_Tradisional;S2_S3;Belum_Tokoh_Publik;Tidak_Ada_Militer
243;Laki_laki;45_55;Cerah;Ramah_Lembut;Religius_Tradisional;S2_S3;Belum_Tokoh_Publik;Tidak_Ada_Militer
244;Perempuan;45_55;Cerah;Ramah_Lembut;Religius_Tradisional;S2_S3;Belum_Tokoh_Publik;Tidak_Ada_Militer
245;Laki_laki;35_45;Sawo_Matang;Ramah_Lembut;Religius_Tradisional;S2_S3;Belum_Tokoh_Publik;Tidak_Ada_Militer
246;Perempuan;35_45;Sawo_Matang;Ramah_Lembut;Religius_Tradisional;S2_S3;Belum_Tokoh_Publik;Tidak_Ada_Militer
247;Laki_laki;45_55;Sawo_Matang;Ramah_Lembut;Religius_Tradisional;S2_S3;Belum_Tokoh_Publik;Tidak_Ada_Militer
248;Perempuan;45_55;Sawo_Matang;Ramah_Lembut;Religius_Tradisional;S2_S3;Belum_Tokoh_Publik;Tidak_Ada_Militer
249;Laki_laki;35_45;Cerah;Tegas_Berwibawa;Religius_Tradisional;S2_S3;Belum_Tokoh_Publik;Tidak_Ada_Militer
250;Perempuan;35_45;Cerah;Tegas_Berwibawa;Religius_Tradisional;S2_S3;Belum_Tokoh_Publik;Tidak_Ada_Militer
251;Laki_laki;45_55;Cerah;Tegas_Berwibawa;Religius_Tradisional;S2_S3;Belum_Tokoh_Publik;Tidak_Ada_Militer
252;Perempuan;45_55;Cerah;Tegas_Berwibawa;Religius_Tradisional;S2_S3;Belum_Tokoh_Publik;Tidak_Ada_Militer
253;Laki_laki;35_45;Sawo_Matang;Tegas_Berwibawa;Religius_Tradisional;S2_S3;Belum_Tokoh_Publik;Tidak_Ada_Militer
254;Perempuan;35_45;Sawo_Matang;Tegas_Berwibawa;Religius_Tradisional;S2_S3;Belum_Tokoh_Publik;Tidak_Ada_Militer
255;Laki_laki;45_55;Sawo_Matang;Tegas_Berwibawa;Religius_Tradisional;S2_S3;Belum_Tokoh_Publik;Tidak_Ada_Militer
256;Perempuan;45_55;Sawo_Matang;Tegas_Berwibawa;Religius_Tradisional;S2_S3;Belum_Tokoh_Publik;Tidak_Ada_Militer
